,y_true,y_pred
0,-1.9999999999999964,-4.01341
1,-5.0,-2.207893
2,-7.0000000000000036,-0.8540969
3,-11.0,-2.5509315
4,-7.0000000000000036,-7.9153075
5,4.0,-14.194254
6,5.0,-8.154554
7,-4.0,6.286776
8,2.0,0.39362574
9,1.0,2.802153
10,-5.0,3.6713052
11,-3.0,-1.7108169
12,3.0,-6.775039
13,-1.9999999999999964,-5.94148
14,2.0,-7.2433963
15,1.0,1.87921
16,-1.0,0.88332224
17,-1.9999999999999964,-2.9014182
18,-1.9999999999999964,-0.005925661
19,-4.0,-1.5321898
20,2.0,-2.3483691
21,22.000000000000007,-7.867355
22,36.0,1.5987649
23,14.0,7.613589
24,-1.0,9.308115
25,-39.0,-26.35933
26,-51.0,-51.19127
27,-51.0,-54.185078
28,-56.0,-55.32961
29,-55.0,-53.067787
30,-50.0,-53.142086
31,-46.0,-51.579975
32,-43.0,-46.78306
33,-41.0,-43.049667
34,-38.0,-40.58529
35,-30.0,-37.700676
36,-36.0,-44.322853
37,-37.0,-43.313522
38,-34.0,-26.40723
39,-39.0,-37.962162
40,-69.0,-40.15915
41,-86.0,-59.99722
42,-87.0,-61.82659
43,-79.0,-77.66017
44,-58.0,-78.812325
45,-64.0,-72.30384
46,-55.0,-54.301514
47,-51.0,-55.49587
48,-48.0,-50.415966
49,-54.0,-48.907394
50,-55.0,-49.299458
51,-53.0,-49.29367
52,-53.0,-49.844704
53,-45.0,-51.132103
54,-45.0,-51.97364
55,-51.0,-43.494987
56,-47.0,-45.58113
57,-31.0,-51.160202
58,-33.0,-46.8555
59,-32.0,-31.337145
60,-30.0,-31.59316
61,-23.0,-30.483574
62,-28.0,-27.87834
63,-27.0,-24.394245
64,-28.0,-25.409567
65,-28.0,-25.172056
66,-20.0,-26.048601
67,-30.0,-25.403864
68,-28.0,-19.563934
69,-23.0,-26.682375
70,-21.0,-25.458477
71,-22.0,-21.809948
72,-26.0,-20.144022
73,-31.0,-19.388899
74,-31.0,-22.140707
75,-31.0,-27.60491
76,-27.0,-26.663729
77,-24.0,-25.267288
78,-22.0,-22.888372
79,-17.0,-21.357489
80,-15.0,-19.088034
81,-16.0,-16.24963
82,-16.0,-14.748491
83,-14.0,-15.656023
84,-12.000000000000004,-16.073345
85,-18.0,-13.638706
86,-22.0,-12.947519
87,-14.0,-16.453167
88,-16.0,-18.345158
89,-15.0,-11.34202
90,-9.0,-14.230728
91,-9.0,-11.508314
92,-3.0,-9.818102
93,10.0,-8.436701
94,1.0,-4.1972594
95,6.0,6.3288445
96,5.0,0.4399171
97,15.0,3.2884088
98,5.0,2.3167214
99,0.0,7.852404
100,3.0,-7.2215323
101,5.0,-16.040445
102,26.0,-3.6662478
103,-8.0,-53.080284
104,-156.0,-5.7640758
105,-262.0,-108.90802
106,-351.0,-230.1748
107,-387.0,-319.5272
108,-346.0,-336.74716
109,-317.0,-232.71796
110,-292.0,-220.9023
111,-259.0,-213.79778
112,-249.0,-198.18053
113,-220.0,-209.84845
114,-222.0,-165.16026
115,-214.0,-186.08574
116,-247.0,-261.8027
117,-254.0,-240.40349
118,-269.0,-275.75647
119,-256.0,-248.5812
120,-284.0,-260.54086
121,-269.0,-235.25449
122,-233.0,-221.98572
123,-228.00000000000006,-215.34921
124,-213.0,-191.64626
125,-205.0,-188.33525
126,-193.0,-180.0741
127,-181.0,-171.68456
128,-166.0,-164.58557
129,-161.0,-154.65965
130,-162.0,-154.70761
131,-148.0,-151.63896
132,-138.0,-150.26282
133,-142.0,-143.01712
134,-142.0,-137.32799
135,-134.0,-135.88882
136,-126.0,-134.19063
137,-116.0,-124.18164
138,-110.0,-118.17308
139,-105.0,-110.30958
140,-98.0,-105.8581
141,-91.0,-100.20405
142,-87.0,-97.12177
143,-86.0,-91.4105
144,-80.0,-87.68202
145,-83.0,-87.149155
146,-91.0,-83.771645
147,-99.0,-86.87225
148,-99.0,-90.82228
149,-99.0,-93.54259
150,-101.0,-93.28694
151,-101.0,-93.68105
152,-99.0,-94.66153
153,-87.0,-93.19506
154,-86.0,-90.93706
155,-84.0,-84.040245
156,-78.0,-81.84518
157,-75.0,-79.28838
158,-61.0,-72.779526
159,-59.0,-72.12966
160,-56.0,-58.887226
161,-59.0,-58.414764
162,-66.0,-58.753117
163,-61.0,-58.181374
164,-60.0,-61.836517
165,-55.0,-59.123558
166,-48.0,-58.099876
167,-49.0,-54.24863
168,-43.0,-48.72907
169,-38.0,-45.778664
170,-42.0,-41.43338
171,-41.0,-37.809868
172,-36.0,-39.509155
173,-37.0,-38.40584
174,-34.0,-31.004217
175,-30.0,-30.64893
176,-32.0,-27.84676
177,-36.0,-27.096598
178,-35.0,-28.231115
179,-33.0,-27.28511
180,-30.0,-27.985844
181,-33.0,-26.349459
182,-32.0,-25.371923
183,-32.0,-26.505152
184,-28.0,-25.639246
185,-27.0,-24.956028
186,-25.0,-23.935387
187,-22.0,-24.606121
188,-28.0,-23.21503
189,-26.0,-22.946491
190,-20.0,-24.730316
191,-17.0,-21.385878
192,-18.0,-18.712692
193,-20.0,-17.038113
194,-23.0,-15.601295
195,-27.0,-19.039526
196,-25.0,-21.042097
197,-26.0,-21.417606
198,-25.0,-21.342316
199,-28.0,-21.055628
200,-25.0,-24.692709
201,-19.0,-20.365566
202,-13.0,-21.49446
203,-11.0,-16.386732
204,-7.0000000000000036,-15.87081
205,-7.0000000000000036,-11.942085
206,-8.0,-7.9754558
207,-11.0,-8.610287
208,-9.0,-8.736759
209,-9.0,-11.360189
210,15.0,-8.386545
211,7.0,-8.17535
212,-3.0,-8.543432
213,-6.0,-17.69701
214,-20.0,-8.566132
215,-14.0,-26.259706
216,-22.0,-23.831558
217,-30.0,-23.98045
218,-31.0,-24.83208
219,-29.0,-29.534075
220,-28.0,-30.983353
221,-32.0,-30.477541
222,-36.0,-26.961323
223,-36.0,-29.087957
224,-34.0,-31.37901
225,-36.0,-33.91378
226,-50.0,-33.974873
227,-56.0,-56.034977
228,-66.0,-55.457253
229,-68.0,-52.1181
230,-71.0,-59.45845
231,-75.0,-60.663883
232,-75.0,-62.155655
233,-68.0,-65.50101
234,-64.0,-64.85456
235,-57.0,-60.66366
236,-53.0,-60.70439
237,-48.0,-53.715816
238,-53.0,-51.867496
239,-40.0,-47.924404
240,-41.0,-49.16559
241,-39.0,-45.748386
242,-45.0,-41.377487
243,-43.0,-40.787457
244,-38.0,-40.519318
245,-33.0,-38.176216
246,-35.0,-40.074028
247,-40.0,-33.99497
248,-38.0,-36.335094
249,-35.0,-37.889484
250,-30.0,-38.88007
251,-30.0,-33.28605
252,-28.0,-29.233421
253,-29.0,-28.98588
254,-32.0,-27.325993
255,-35.0,-27.89151
256,-36.0,-29.602566
257,-36.0,-32.248676
258,-37.0,-32.329575
259,-34.0,-31.737757
260,-35.0,-33.527016
261,-33.0,-31.58559
262,-35.0,-32.5599
263,-34.0,-31.566544
264,-37.0,-34.462074
265,-37.0,-32.25446
266,-38.0,-34.72897
267,-38.0,-31.406229
268,-35.0,-34.55535
269,-30.0,-34.167843
270,-29.0,-31.835909
271,-29.0,-28.148777
272,-30.0,-27.661993
273,-25.0,-27.029947
274,-22.0,-26.610765
275,-21.0,-24.122305
276,-20.0,-22.363855
277,-21.0,-21.578386
278,-25.0,-20.767715
279,-30.0,-22.12579
280,-33.0,-24.772026
281,-36.0,-28.514612
282,-36.0,-30.033283
283,-34.0,-31.681305
284,-32.0,-27.33687
285,-31.0,-26.02918
286,-30.0,-27.79085
287,-24.0,-24.047157
288,-21.0,-22.668013
289,-19.0,-20.37969
290,-22.0,-21.54837
291,-21.0,-19.532082
292,-20.0,-18.178865
293,-17.0,-20.474205
294,-18.0,-18.335772
295,-22.0,-18.74155
296,-22.0,-15.9705925
297,-20.0,-20.533937
298,-20.0,-21.887854
299,-19.0,-17.583584
300,-19.0,-18.209042
301,-19.0,-18.416502
302,-19.0,-16.331964
303,-21.0,-16.006163
304,-25.0,-17.614672
305,-30.0,-21.017893
306,-29.0,-21.61482
307,-25.0,-23.559671
308,-21.0,-23.927092
309,-24.0,-21.60021
310,-25.0,-20.29778
311,-22.0,-20.4406
312,-15.0,-21.113823
313,-12.000000000000004,-18.527966
314,-12.000000000000004,-13.503349
315,-14.0,-11.005838
316,-14.0,-12.489599
317,-14.0,-13.150654
318,-13.0,-13.598564
319,-18.0,-13.154779
320,-18.0,-12.03978
321,-12.000000000000004,-16.856758
322,-14.0,-16.31666
323,-18.0,-12.348396
324,-18.0,-14.374811
325,-18.0,-17.065805
326,-21.0,-13.487343
327,-29.0,-15.369808
328,-25.0,-22.396778
329,-8.0,-24.535646
330,-24.0,-18.832582
331,-49.0,-20.847334
332,-94.0,-79.52786
333,-104.0,-101.79301
334,-114.0,-77.11638
335,-109.0,-129.10815
336,-102.0,-99.380226
337,-83.0,-97.75889
338,-74.0,-90.29562
339,-72.0,-74.231255
340,-68.0,-67.57147
341,-67.0,-66.81714
342,-69.0,-54.4731
343,-71.0,-61.989082
344,-73.0,-61.332466
345,-71.0,-66.07672
346,-68.0,-67.679985
347,-71.0,-67.91012
348,-69.0,-65.03801
349,-67.0,-66.703896
350,-66.0,-65.15046
351,-70.0,-61.502586
352,-73.0,-60.339962
353,-78.0,-63.935074
354,-71.0,-67.814384
355,-62.0,-69.22594
356,-59.0,-63.55647
357,-55.0,-55.201687
358,-50.0,-54.581116
359,-44.0,-50.345398
360,-40.0,-46.21621
361,-37.0,-40.160107
362,-38.0,-35.584316
363,-38.0,-34.743458
364,-35.0,-33.468678
365,-31.0,-34.02488
366,-31.0,-32.373512
367,-31.0,-27.829838
368,-31.0,-26.38621
369,-27.0,-26.469666
370,-20.0,-26.413427
371,-22.0,-22.889044
372,-23.0,-18.73955
373,-25.0,-20.798973
374,-26.0,-21.80545
375,-27.0,-23.744242
376,-30.0,-23.466682
377,-29.0,-25.584099
378,-33.0,-27.334583
379,-34.0,-27.887735
380,-29.0,-28.640003
381,-24.0,-29.973671
382,-24.0,-25.507133
383,-22.0,-22.608833
384,-18.0,-21.479631
385,-19.0,-19.568344
386,-20.0,-18.96237
387,-24.0,-18.15054
388,-25.0,-19.186493
389,-21.0,-21.787298
390,-17.0,-21.78772
391,-18.0,-18.259182
392,-19.0,-14.278933
393,-14.0,-16.879639
394,-13.0,-16.759954
395,-14.0,-12.995653
396,-13.0,-12.59823
397,-13.0,-12.659748
398,-15.0,-11.72863
399,-12.000000000000004,-12.295986
400,-10.0,-13.756489
401,-13.0,-11.786325
402,-14.0,-9.378189
403,-13.0,-11.774891
404,-12.000000000000004,-13.618839
405,-8.0,-10.995136
406,-5.0,-10.618595
407,-1.9999999999999964,-5.097694
408,-1.0,-4.0615363
409,-3.0,-1.527925
410,-6.0,-3.4397655
411,-7.0000000000000036,-4.1928496
412,-6.0,-6.332805
413,-7.0000000000000036,-7.057962
414,-9.0,-5.8980174
415,-11.0,-6.0348926
416,8.0,-6.815204
417,11.0,-6.8231864
418,10.0,5.5600457
419,11.0,7.634394
420,11.0,6.059054
421,12.000000000000007,6.509726
422,12.000000000000007,1.2434487
423,8.0,9.351892
424,4.0,6.417929
425,-4.0,6.768435
426,-9.0,3.2427087
427,-17.0,-6.9832625
428,-21.0,-19.900229
429,-18.0,-24.821613
430,-25.0,-18.619123
431,-36.0,-34.452934
432,-35.0,-40.668114
433,-41.0,-44.72965
434,-43.0,-47.327026
435,-50.0,-55.96835
436,-64.0,-61.086884
437,-79.0,-62.094048
438,-92.0,-75.41323
439,-102.0,-83.20026
440,-93.0,-89.24543
441,-84.0,-92.598434
442,-77.0,-82.04364
443,-83.0,-76.6991
444,-85.0,-71.21592
445,-89.0,-76.610085
446,-87.0,-78.95227
447,-80.0,-78.00615
448,-72.0,-75.57821
449,-71.0,-70.52318
450,-74.0,-65.33635
451,-80.0,-65.67095
452,-83.0,-72.04604
453,-78.0,-76.677605
454,-66.0,-70.825874
455,-69.0,-67.803604
456,-74.0,-58.306072
457,-78.0,-67.21506
458,-76.0,-74.67744
459,-60.0,-64.42195
460,-53.0,-60.7621
461,-53.0,-51.546375
462,-57.0,-48.24669
463,-55.0,-48.63654
464,-48.0,-48.97671
465,-40.0,-47.470016
466,-34.0,-44.229576
467,-33.0,-37.1498
468,-30.0,-33.937973
469,-32.0,-31.092968
470,-32.0,-28.571842
471,-30.0,-29.58002
472,-29.0,-29.464243
473,-29.0,-28.750683
474,-27.0,-26.591896
475,-28.0,-26.17984
476,-29.0,-25.735336
477,-33.0,-30.80834
478,-40.0,-30.798563
479,-39.0,-39.859444
480,-36.0,-40.215958
481,-35.0,-39.985798
482,-28.0,-37.71544
483,-26.0,-31.398405
484,-29.0,-28.74403
485,-30.0,-28.347794
486,-31.0,-26.242113
487,-30.0,-28.08025
488,-29.0,-28.677813
489,-24.0,-26.766445
490,-24.0,-27.006666
491,-25.0,-23.156986
492,-23.0,-22.266958
493,-21.0,-22.827118
494,-17.0,-21.913576
495,-19.0,-19.999077
496,-20.0,-17.484978
497,-21.0,-18.820654
498,-21.0,-21.731112
499,-18.0,-17.985258
500,-16.0,-19.004784
501,-13.0,-16.494797
502,-11.0,-15.524569
503,-8.0,-13.201635
504,-7.0000000000000036,-11.189644
505,-9.0,-9.948036
506,-3.0,-10.304291
507,-1.0,-8.927826
508,-4.0,-3.5769153
509,-5.0,-8.52953
510,0.0,-5.80512
511,3.0,-6.068437
512,1.0,-1.4031081
513,1.0,-2.1380057
514,-1.9999999999999964,-2.2033896
515,-1.9999999999999964,-0.6312537
516,4.0,-4.852651
517,4.0,-1.519876
518,0.0,2.081328
519,0.0,2.9369607
520,-4.0,2.0319047
521,-5.0,1.4327073
522,-1.9999999999999964,-1.6126037
523,-3.0,-2.6021895
524,-3.0,-1.6084418
525,-8.0,-3.0467544
526,-11.0,-5.9750533
527,-10.0,-7.031833
528,-11.0,-10.48789
529,-6.0,-9.558481
530,-7.0000000000000036,-10.755741
531,-8.0,-7.4850745
532,-5.0,-7.4323287
533,-4.0,-6.3256106
534,-5.0,-4.1763473
535,-4.0,-3.0126204
536,-6.0,-3.0342135
537,-5.0,-2.9961295
538,-3.0,-2.1314025
539,-1.9999999999999964,-2.6102443
540,-4.0,-3.1863704
541,-5.0,-4.6276336
542,-6.0,-3.1724734
543,-9.0,-3.2116256
544,-10.0,-5.7392306
545,-8.0,-7.623077
546,-9.0,-8.183224
547,-9.0,-8.574059
548,-4.0,-9.784273
549,-1.0,-6.3787875
550,0.0,-4.007694
551,2.0,-1.5335212
552,0.0,-1.4241347
553,-1.0,-0.2580619
554,-4.0,0.1343751
555,-4.0,-0.9702468
556,-4.0,-2.8944182
557,0.0,-5.3170314
558,2.0,-4.1384063
559,-21.0,-25.344837
560,-26.0,-22.374193
561,-26.0,-19.599026
562,-20.0,-26.260105
563,-14.0,-24.374529
564,-6.0,-18.048504
565,-4.0,-16.65356
566,-13.0,-4.7355056
567,-13.0,-8.56982
568,-9.0,-12.622498
569,-12.000000000000004,-12.215378
570,-10.0,-11.484486
571,-9.0,-11.585178
572,-9.0,-11.610098
573,-8.0,-11.589355
574,-7.0000000000000036,-11.389347
575,-1.0,-6.568773
576,5.0,-8.885025
577,-5.0,-6.5223956
578,-15.0,-10.708124
579,-10.0,-10.357304
580,-11.0,-7.4574275
581,-12.000000000000004,-6.5780177
582,-11.0,-6.9645762
583,-11.0,-6.694427
584,-14.0,-7.582044
585,-13.0,-8.322231
586,-12.000000000000004,-10.286501
587,-9.0,-11.429895
588,-4.0,-6.7272143
589,1.0,-6.0919204
590,6.0,-3.4688926
591,6.0,-0.6904235
592,4.0,3.1107965
593,1.0,6.011374
594,-1.9999999999999964,4.8811135
595,-3.0,-1.5768142
596,-8.0,-2.59831
597,-9.0,-0.7609687
598,-10.0,-4.4623466
599,-10.0,-6.1578803
600,-11.0,-10.371805
601,-10.0,-12.477413
602,-9.0,-17.016094
603,-9.0,-12.626284
604,-11.0,-10.381697
605,-18.0,-11.772676
606,-16.0,-17.954546
607,-17.0,-22.612915
608,-21.0,-12.176001
609,-23.0,-16.349556
610,-17.0,-17.059278
611,-14.0,-14.866156
612,-15.0,-14.890347
613,-17.0,-12.750486
614,-15.0,-14.478235
615,-14.0,-17.79253
616,-14.0,-11.670252
617,-14.0,-14.071188
618,-6.0,-14.439316
619,-1.9999999999999964,-7.356313
620,0.0,-0.82115316
621,-3.0,-0.4953208
622,-1.9999999999999964,0.9173341
623,1.0,-0.82872915
624,1.0,-0.0948844
625,0.0,1.0888658
626,-1.9999999999999964,1.033587
627,-4.0,-1.2013221
628,-4.0,-0.956552
629,-3.0,-3.952373
630,-5.0,-7.648933
631,-8.0,-4.6879478
632,-6.0,-8.015886
633,-3.0,-12.409094
634,-6.0,-9.394896
635,-7.0000000000000036,-6.5703273
636,-10.0,-8.381739
637,-9.0,-8.766218
638,-4.0,-8.179735
639,-4.0,-5.0811763
640,-10.0,-4.157026
641,-10.0,-8.910019
642,-1.0,-2.7581687
643,-1.0,-3.5163054
644,-15.0,0.48032236
645,-25.0,-19.399616
646,0.0,-29.669306
647,-21.0,-38.77009
648,-47.0,5.5841813
649,-34.0,-70.31487
650,-60.0,-25.43846
651,-87.0,-81.59046
652,-98.0,-120.33991
653,-87.0,-110.34526
654,-87.0,-102.25164
655,-74.0,-97.8213
656,-77.0,-90.01647
657,-74.0,-73.95956
658,-70.0,-74.6673
659,-53.0,-69.13061
660,-65.0,-62.322422
661,-78.0,-49.864838
662,-87.0,-66.900856
663,-101.0,-85.7806
664,-113.0,-92.39465
665,-112.0,-110.60475
666,-127.0,-122.54675
667,-116.0,-117.605484
668,-111.0,-129.2702
669,-121.0,-111.7611
670,-124.0,-109.236824
671,-103.0,-116.53268
672,-107.0,-112.065254
673,-109.0,-97.02355
674,-105.0,-100.34957
675,-109.0,-101.753235
676,-108.0,-99.7671
677,-113.0,-104.78846
678,-113.0,-104.723656
679,-116.0,-103.214745
680,-114.0,-102.0894
681,-104.0,-105.02435
682,-94.0,-103.60022
683,-86.0,-94.12752
684,-72.0,-86.64732
685,-59.0,-80.70401
686,-47.0,-70.566086
687,-55.0,-59.33723
688,-62.0,-53.738667
689,-62.0,-55.37108
690,-62.0,-60.31337
691,-52.0,-57.237324
692,-41.0,-57.032818
693,-50.0,-50.72472
694,-50.0,-53.970924
695,-64.0,-48.441017
696,-88.0,-71.51931
697,-98.0,-62.576363
698,-93.0,-85.107216
699,-101.0,-96.95152
700,-116.0,-103.7738
701,-126.0,-107.40016
702,-115.0,-119.059204
703,-114.0,-121.94917
704,-124.0,-100.867294
705,-110.0,-97.68997
706,-102.0,-107.77348
707,-94.0,-96.638374
708,-96.0,-91.45652
709,-87.0,-87.198845
710,-93.0,-105.89253
711,-103.0,-77.304344
712,-141.0,-109.911
713,-148.0,-123.721695
714,-144.0,-134.64485
715,-149.0,-141.3001
716,-143.0,-134.54628
717,-121.0,-130.80167
718,-111.0,-125.79891
719,-107.0,-110.70666
720,-103.0,-102.15087
721,-101.0,-99.24743
722,-102.0,-101.579384
723,-101.0,-101.23337
724,-98.0,-101.07999
725,-102.0,-101.77481
726,-77.0,-97.52023
727,-80.0,-97.26275
728,-87.0,-79.23515
729,-85.0,-77.57764
730,-79.0,-78.16977
731,-74.0,-75.719345
732,-65.0,-72.78768
733,-54.0,-67.10472
734,-59.0,-60.415966
735,-59.0,-55.03979
736,-57.0,-53.87184
737,-53.0,-54.457836
738,-47.0,-53.70682
739,-44.0,-50.613132
740,-46.0,-45.192276
741,-49.0,-43.425415
742,-48.0,-43.647865
743,-50.0,-45.3407
744,-52.0,-44.413265
745,-51.0,-44.881035
746,-49.0,-47.89841
747,-47.0,-46.443657
748,-41.0,-44.080025
749,-40.0,-41.916233
750,-38.0,-37.130177
751,-39.0,-37.49221
752,-41.0,-35.68383
753,-44.0,-37.354465
754,-46.0,-37.702454
755,-47.0,-43.24566
756,-45.0,-48.91031
757,-51.0,-43.90006
758,-55.0,-47.38082
759,-48.0,-51.233315
760,-53.0,-54.94463
761,-45.0,-43.82555
762,-38.0,-48.815365
763,-35.0,-41.387875
764,-37.0,-32.300365
765,-37.0,-32.64678
766,-39.0,-40.90143
767,-36.0,-37.16059
768,-32.0,-33.261677
769,-31.0,-32.19569
770,-32.0,-28.696705
771,-35.0,-30.4445
772,-40.0,-37.149654
773,-38.0,-35.57817
774,-38.0,-34.38477
775,-38.0,-33.1009
776,-41.0,-34.833706
777,-41.0,-33.843636
778,-36.0,-38.194736
779,-32.0,-35.113945
780,-29.0,-30.985888
781,-27.0,-28.352272
782,-26.0,-26.595892
783,-17.0,-24.576834
784,-6.0,-24.144093
785,-18.0,-18.835947
786,-36.0,-24.742712
787,-56.0,-23.76707
788,-43.0,-66.578064
789,-42.0,-51.51292
790,-48.0,-50.32466
791,-50.0,-52.166004
792,-53.0,-49.273544
793,-53.0,-49.94948
794,-57.0,-48.055164
795,-53.0,-51.913975
796,-42.0,-55.5156
797,-45.0,-47.21266
798,-45.0,-42.729702
799,-46.0,-44.55034
800,-48.0,-45.446396
801,-42.0,-46.456535
802,-38.0,-45.21037
803,-37.0,-41.894566
804,-39.0,-38.96444
805,-39.0,-39.693382
806,-40.0,-36.005222
807,-38.0,-36.76647
808,-34.0,-38.38409
809,-29.0,-37.226288
810,-25.0,-34.642296
811,-24.0,-26.640244
812,-24.0,-22.640257
813,-24.0,-24.118406
814,-26.0,-23.67506
815,-29.0,-22.965109
816,-28.0,-27.371424
817,-25.0,-28.02718
818,-25.0,-25.39164
819,-27.0,-23.340187
820,-27.0,-26.370756
821,-26.0,-25.961426
822,-27.0,-24.404451
823,-31.0,-22.322945
824,-35.0,-27.600521
825,-34.0,-32.032146
826,-32.0,-27.188816
827,-30.0,-28.976648
828,-28.0,-29.320625
829,-28.0,-26.751911
830,-26.0,-22.743382
831,-25.0,-25.085463
832,-23.0,-24.48518
833,-20.0,-22.376673
834,-18.0,-21.283327
835,-10.0,-11.645981
836,-17.0,-15.997076
837,-12.000000000000004,-12.942715
838,-12.000000000000004,-11.304024
839,-10.0,-8.654936
840,-12.000000000000004,-9.269417
841,-15.0,-7.656156
842,-18.0,-9.176996
843,-16.0,-11.528107
844,-12.000000000000004,-14.169598
845,-13.0,-10.744751
846,-9.0,-9.264376
847,-1.0,-10.401415
848,1.0,-7.6213717
849,3.0,-2.7055488
850,-3.0,-2.7300868
851,-11.0,-2.8101192
852,-17.0,-9.500921
853,-18.0,-19.03976
854,-23.0,-21.711718
855,-28.0,-23.644697
856,-30.0,-29.118202
857,-26.0,-24.554964
858,-27.0,-26.15896
859,-26.0,-23.828827
860,-20.0,-21.415752
861,-18.0,-16.552834
862,-20.0,-16.506186
863,-25.0,-16.310736
864,-32.0,-28.607155
865,-31.0,-28.27459
866,-26.0,-27.543076
867,-24.0,-32.22738
868,-19.0,-24.35243
869,-18.0,-17.316322
870,-15.0,-20.760145
871,-21.0,-13.445803
872,-18.0,-23.540985
873,-9.0,-15.865007
874,-5.0,-14.186533
875,-6.0,-7.586513
876,-6.0,-7.727834
877,-8.0,-8.336397
878,-6.0,-7.445066
879,-6.0,-1.6540275
880,-10.0,-2.630405
881,-12.000000000000004,-9.53389
882,-11.0,-12.913908
883,-8.0,-7.3954597
884,-7.0000000000000036,-8.116114
885,-10.0,-6.8481364
886,-10.0,-11.128355
887,-20.0,-10.723116
888,-21.0,-19.684202
889,-22.0,-28.854967
890,-23.0,-26.487717
891,-24.0,-22.26427
892,-27.0,-25.218391
893,-24.0,-25.80243
894,-30.0,-19.84249
895,-22.0,-24.58076
896,-11.0,-18.349028
897,-7.0000000000000036,-12.715273
898,-9.0,-10.365805
899,-14.0,-8.588123
900,-12.000000000000004,-11.598894
901,-13.0,-20.114761
902,-10.0,-15.734755
903,-9.0,-8.614273
904,-8.0,-4.850576
905,-7.0000000000000036,-8.500996
906,-8.0,-4.723869
907,-7.0000000000000036,-6.8349757
908,-7.0000000000000036,-3.259584
909,-8.0,-3.060306
910,-7.0000000000000036,-4.7841754
911,-7.0000000000000036,-4.942806
912,-7.0000000000000036,-4.2506022
913,-8.0,-6.6146865
914,-6.0,-2.922565
915,-4.0,-8.8684845
916,-1.0,-6.275617
917,1.0,-4.4942203
918,7.0,-0.9864402
919,14.0,3.6191545
920,18.0,7.0380006
921,17.0,11.960344
922,19.0,14.890936
923,21.0,16.442503
924,22.000000000000007,16.700033
925,21.0,18.77075
926,20.0,18.621
927,20.0,19.194181
928,19.0,17.593157
929,19.0,16.419947
930,19.0,15.567152
931,22.000000000000007,13.522573
932,23.0,14.718561
933,19.0,15.087454
934,11.0,12.151949
935,14.0,7.2644715
936,3.0,7.55736
937,-4.0,-1.3634963
938,-1.9999999999999964,-2.417972
939,-7.0000000000000036,-7.746074
940,-55.0,-6.6455913
941,-96.0,-59.431885
942,-109.0,-102.43899
943,-108.0,-122.3166
944,-104.0,-93.90581
945,-98.0,-102.36858
946,-95.0,-89.63447
947,-99.0,-98.403435
948,-92.0,-105.02721
949,-78.0,-90.48521
950,-73.0,-85.630005
951,-70.0,-68.58144
952,-75.0,-69.97405
953,-75.0,-76.12678
954,-76.0,-69.405334
955,-73.0,-74.82681
956,-77.0,-75.92009
957,-70.0,-68.367546
958,-66.0,-73.08843
959,-64.0,-65.21569
960,-58.0,-64.479935
961,-52.0,-62.75989
962,-48.0,-54.946827
963,-47.0,-52.711864
964,-49.0,-48.288517
965,-45.0,-48.860245
966,-46.0,-46.67717
967,-45.0,-48.088
968,-45.0,-45.593567
969,-43.0,-44.419582
970,-42.0,-44.966984
971,-39.0,-41.31875
972,-38.0,-39.354824
973,-41.0,-37.947323
974,-41.0,-35.935207
975,-42.0,-39.350025
976,-44.0,-40.70707
977,-41.0,-43.05892
978,-39.0,-42.1387
979,-40.0,-38.371136
980,-41.0,-36.725464
981,-39.0,-34.904938
982,-38.0,-36.819935
983,-34.0,-35.556965
984,-29.0,-36.341637
985,-29.0,-27.608768
986,-26.0,-27.502993
987,-24.0,-25.833416
988,-27.0,-22.10547
989,-33.0,-22.03067
990,-32.0,-28.072104
991,-28.0,-29.65748
992,-26.0,-28.280905
993,-25.0,-26.64151
994,-22.0,-24.679995
995,-22.0,-28.68533
996,-28.0,-23.278227
997,-32.0,-23.13837
998,-38.0,-26.315413
999,-44.0,-35.051395
1000,-39.0,-37.408306
1001,-33.0,-39.162632
1002,-30.0,-30.435154
1003,-33.0,-24.538822
1004,-33.0,-28.030748
1005,-35.0,-25.377901
1006,-36.0,-29.418077
1007,-30.0,-31.638369
1008,-27.0,-32.04403
1009,-27.0,-27.527391
1010,-31.0,-27.119394
1011,-35.0,-29.03055
1012,-39.0,-32.663815
1013,-38.0,-37.759525
1014,-38.0,-37.476696
1015,-39.0,-33.94774
1016,-41.0,-42.07501
1017,-36.0,-40.01604
1018,-36.0,-36.309628
1019,-33.0,-36.568054
1020,-30.0,-35.87615
1021,-28.0,-28.384485
1022,-30.0,-30.098103
1023,-34.0,-28.573431
1024,-45.0,-35.328674
1025,-47.0,-45.598396
1026,-79.0,-52.180866
1027,-138.0,-50.91134
1028,-142.0,-173.74588
1029,-125.00000000000001,-137.84508
1030,-135.0,-122.668144
1031,-149.0,-125.953735
1032,-177.0,-126.33604
1033,-181.0,-156.96417
1034,-165.0,-168.95863
1035,-152.0,-166.15279
1036,-153.0,-152.3494
1037,-149.0,-144.18936
1038,-127.0,-139.55887
1039,-112.0,-136.32094
1040,-107.0,-108.8876
1041,-102.0,-99.20502
1042,-95.0,-98.0151
1043,-88.0,-95.61772
1044,-84.0,-87.23414
1045,-84.0,-77.438065
1046,-83.0,-71.67167
1047,-82.0,-72.7113
1048,-79.0,-71.85229
1049,-78.0,-71.15604
1050,-71.0,-70.78879
1051,-66.0,-68.28895
1052,-65.0,-67.01946
1053,-64.0,-61.844
1054,-76.0,-59.4612
1055,-79.0,-76.21722
1056,-75.0,-66.91187
1057,-71.0,-67.28145
1058,-70.0,-73.02939
1059,-69.0,-66.67987
1060,-68.0,-63.110455
1061,-64.0,-63.220737
1062,-61.0,-60.55978
1063,-58.0,-60.259766
1064,-54.0,-53.719334
1065,-54.0,-53.144085
1066,-52.0,-50.632195
1067,-47.0,-49.30167
1068,-44.0,-46.61895
1069,-44.0,-43.568584
1070,-46.0,-41.450806
1071,-46.0,-43.962513
1072,-48.0,-42.370525
1073,-48.0,-40.444706
1074,-46.0,-43.5739
1075,-45.0,-48.32032
1076,-44.0,-49.12934
1077,-53.0,-52.47856
1078,-59.0,-50.324287
1079,-66.0,-54.082474
1080,-61.0,-63.597965
1081,-69.0,-67.396034
1082,-63.0,-61.414673
1083,-60.0,-65.97318
1084,-63.0,-61.27565
1085,-63.0,-59.917797
1086,-59.0,-60.45114
1087,-62.0,-60.22267
1088,-64.0,-58.24481
1089,-61.0,-62.865147
1090,-56.0,-62.694466
1091,-52.0,-62.218765
1092,-57.0,-58.653652
1093,-62.0,-60.34223
1094,-58.0,-67.13494
1095,-62.0,-64.80763
1096,-67.0,-58.582912
1097,-63.0,-64.32033
1098,-66.0,-72.665955
1099,-68.0,-66.79577
1100,-76.0,-64.909134
1101,-74.0,-68.910934
1102,-79.0,-78.61538
1103,-82.0,-72.391914
1104,-69.0,-78.01409
1105,-61.0,-72.55934
1106,-54.0,-57.701626
1107,-48.0,-52.92248
1108,-44.0,-47.807747
1109,-41.0,-44.436867
1110,-41.0,-39.099403
1111,-45.0,-37.68993
1112,-53.0,-49.932377
1113,-57.0,-45.334526
1114,-52.0,-55.062164
1115,-58.0,-67.430214
1116,-44.0,-65.555214
1117,-38.0,-42.458626
1118,-46.0,-44.726345
1119,-55.0,-36.53002
1120,-67.0,-51.37163
1121,-73.0,-60.266083
1122,-76.0,-77.257065
1123,-81.0,-70.48931
1124,-82.0,-71.03121
1125,-79.0,-71.96696
1126,-85.0,-73.28569
1127,-90.0,-80.677025
1128,-87.0,-75.704796
1129,-80.0,-90.01466
1130,-70.0,-77.69589
1131,-63.0,-75.36095
1132,-66.0,-71.17572
1133,-66.0,-65.30362
1134,-65.0,-65.97767
1135,-60.0,-64.646614
1136,-55.0,-61.382683
1137,-49.0,-56.7738
1138,-44.0,-55.479187
1139,-46.0,-50.932808
1140,-46.0,-48.019108
1141,-45.0,-47.409187
1142,-51.0,-47.279434
1143,-54.0,-51.426826
1144,-53.0,-48.37228
1145,-54.0,-52.382618
1146,-56.0,-49.439213
1147,-56.0,-54.495937
1148,-58.0,-54.25158
1149,-54.0,-53.144318
1150,-48.0,-52.968403
1151,-46.0,-52.028694
1152,-47.0,-48.11906
1153,-9.0,-5.5599113
1154,-6.0,-6.631845
1155,-9.0,-6.700153
1156,-7.0000000000000036,-9.476015
1157,-14.0,-11.654526
1158,-15.0,-9.108065
1159,-11.0,-12.645742
1160,-9.0,-12.193247
1161,-9.0,-8.842571
1162,-9.0,-5.6961894
1163,-14.0,-9.0731125
1164,-17.0,-9.155647
1165,-16.0,-13.258844
1166,-10.0,-14.338116
1167,-7.0000000000000036,-14.684252
1168,-8.0,-7.5476966
1169,-11.0,-7.174804
1170,-14.0,-11.564884
1171,-14.0,-10.336527
1172,-12.000000000000004,-15.773302
1173,-7.0000000000000036,-10.544924
1174,-4.0,-10.639256
1175,-4.0,-5.1930118
1176,-5.0,-2.019649
1177,-4.0,-4.041679
1178,-1.9999999999999964,-5.461427
1179,-6.0,-4.9665217
1180,-8.0,-3.2725272
1181,-7.0000000000000036,-4.404081
1182,-10.0,-9.770788
1183,-11.0,-10.995008
1184,-11.0,-13.206781
1185,-12.000000000000004,-11.970325
1186,-12.000000000000004,-11.111921
1187,-9.0,-10.030607
1188,-6.0,-9.968487
1189,-10.0,-9.565012
1190,-8.0,-8.51572
1191,-6.0,-7.018823
1192,-6.0,-7.449453
1193,-7.0000000000000036,-10.01132
1194,-4.0,-5.306598
1195,-1.0,-3.4863143
1196,-1.0,-4.2636714
1197,-1.0,-1.730371
1198,-5.0,-1.9952292
1199,-6.0,-3.4719653
1200,-5.0,-4.6765532
1201,-4.0,-5.701286
1202,-1.9999999999999964,-5.442928
1203,-1.0,-5.8160167
1204,0.0,-2.8430552
1205,1.0,-3.7374053
1206,1.0,-2.3738284
1207,2.0,-1.6854682
1208,-1.9999999999999964,-4.325586
1209,-4.0,-0.67162085
1210,-5.0,-2.8174357
1211,-8.0,-0.9933257
1212,-8.0,-2.5951304
1213,-7.0000000000000036,-5.8244243
1214,-4.0,-6.263656
1215,-1.9999999999999964,-5.480514
1216,-1.0,-2.8325229
1217,-1.9999999999999964,-2.8129287
1218,0.0,-0.33080053
1219,0.0,-0.65612173
1220,1.0,-0.11757422
1221,2.0,-0.73199224
1222,1.0,0.6853852
1223,-1.9999999999999964,1.8438935
1224,-4.0,0.47773218
1225,-5.0,-2.0080523
1226,-6.0,-2.1521773
1227,-5.0,-3.0643954
1228,-6.0,-3.9520793
1229,-1.9999999999999964,-3.198999
1230,4.0,-4.287708
1231,7.0,-2.2090487
1232,10.0,2.3722215
1233,13.0,6.0616937
1234,16.0,8.585131
1235,14.0,10.778978
1236,14.0,12.724108
1237,14.0,12.281633
1238,11.0,12.876287
1239,11.0,13.860697
1240,9.0,9.343733
1241,8.0,9.454256
1242,7.0,9.114538
1243,6.0,7.7230515
1244,15.0,8.455431
1245,24.0,6.0798707
1246,24.0,8.8715
1247,22.000000000000007,14.841974
1248,29.0,10.359198
1249,10.0,20.858099
1250,12.000000000000007,9.668676
1251,11.0,3.869494
1252,23.0,8.094889
1253,17.0,7.6685967
1254,14.0,14.097208
1255,-20.0,4.620436
1256,-67.0,-31.313097
1257,-85.0,-69.92468
1258,-87.0,-111.84966
1259,-90.0,-99.51805
1260,-99.0,-95.96632
1261,-91.0,-101.93918
1262,-81.0,-103.57311
1263,-81.0,-92.9025
1264,-82.0,-92.93368
1265,-79.0,-89.63118
1266,-65.0,-92.950836
1267,-59.0,-84.32633
1268,-52.0,-62.765106
1269,-52.0,-52.766434
1270,-59.0,-54.418743
1271,-66.0,-56.180286
1272,-65.0,-62.254375
1273,-65.0,-69.79138
1274,-60.0,-68.40369
1275,-56.0,-69.13856
1276,-52.0,-62.632553
1277,-46.0,-44.56551
1278,-42.0,-45.754505
1279,-38.0,-45.47875
1280,-34.0,-39.592556
1281,-31.0,-33.537483
1282,-27.0,-30.878696
1283,-19.0,-23.80447
1284,-11.0,-20.741854
1285,-15.0,-19.447718
1286,-16.0,-16.816103
1287,-8.0,-16.304857
1288,19.0,-16.459322
1289,15.0,-12.185814
1290,10.0,8.529764
1291,6.0,7.6356034
1292,7.0,4.7058167
1293,5.0,-3.149303
1294,-10.0,1.451941
1295,-21.0,1.3945909
1296,-16.0,-11.16036
1297,-17.0,-14.480343
1298,-15.0,-24.844748
1299,-20.0,-16.669518
1300,-31.0,-15.43948
1301,-27.0,-27.018814
1302,-28.0,-22.342909
1303,-22.0,-26.92139
1304,-26.0,-32.83776
1305,-39.0,-35.412746
1306,-51.0,-41.006573
1307,-65.0,-62.72287
1308,-81.0,-82.44081
1309,-93.0,-98.615486
1310,-102.0,-124.32156
1311,-102.0,-129.67471
1312,-106.0,-132.59955
1313,-105.0,-127.63112
1314,-104.0,-129.38591
1315,-102.0,-119.51432
1316,-116.0,-125.191086
1317,-126.0,-129.47183
1318,-123.0,-135.19986
1319,-109.0,-137.40305
1320,-110.0,-128.24948
1321,-126.0,-103.684044
1322,-136.0,-122.827934
1323,-122.0,-145.27614
1324,-128.0,-108.26584
1325,-130.0,-117.67764
1326,-122.0,-114.43553
1327,-117.99999999999999,-123.23725
1328,-96.0,-116.21965
1329,-97.0,-114.82922
1330,-91.0,-95.79782
1331,-94.0,-101.325264
1332,-86.0,-98.11838
1333,-76.0,-89.141
1334,-81.0,-79.42318
1335,-77.0,-69.709175
1336,-74.0,-73.08199
1337,-69.0,-68.469025
1338,-62.0,-64.04633
1339,-62.0,-60.492523
1340,-57.0,-57.286785
1341,-54.0,-57.38619
1342,-53.0,-51.09919
1343,-52.0,-49.566387
1344,-54.0,-50.11112
1345,-55.0,-48.624744
1346,-49.0,-49.98564
1347,-48.0,-50.65847
1348,-49.0,-46.957413
1349,-52.0,-46.94356
1350,-49.0,-45.69338
1351,-42.0,-46.56354
1352,-24.0,-45.22553
1353,-47.0,-39.779846
1354,-70.0,-32.64586
1355,-94.0,-60.77842
1356,-102.0,-63.801952
1357,-66.0,-81.816635
1358,-64.0,-92.27212
1359,-92.0,-96.29563
1360,-122.0,-93.12771
1361,-138.0,-115.91161
1362,-130.0,-135.74568
1363,-121.0,-159.07855
1364,-150.0,-168.4467
1365,-148.0,-194.39801
1366,-141.0,-217.69261
1367,-170.0,-220.667
1368,-151.0,-222.57129
1369,-145.0,-232.98529
1370,-138.0,-187.14291
1371,-141.0,-166.64812
1372,-133.0,-134.87526
1373,-122.0,-132.54713
1374,-123.0,-130.53107
1375,-121.0,-121.05065
1376,-104.0,-117.11162
1377,-95.0,-116.320885
1378,-88.0,-104.189
1379,-84.0,-91.25293
1380,-85.0,-85.90063
1381,-86.0,-83.33789
1382,-86.0,-81.87587
1383,-81.0,-76.10653
1384,-79.0,-78.44859
1385,-82.0,-78.112366
1386,-82.0,-75.685524
1387,-82.0,-73.39859
1388,-81.0,-73.54457
1389,-81.0,-72.693535
1390,-79.0,-73.47718
1391,-80.0,-73.310196
1392,-77.0,-74.33447
1393,-74.0,-71.69486
1394,-70.0,-70.866554
1395,-69.0,-66.47211
1396,-68.0,-63.949444
1397,-70.0,-63.198715
1398,-68.0,-61.623238
1399,-67.0,-62.952797
1400,-63.0,-61.756847
1401,-61.0,-61.68698
1402,-62.0,-57.588665
1403,-66.0,-55.97387
1404,-66.0,-57.42042
1405,-62.0,-59.69935
1406,-60.0,-56.88854
1407,-58.0,-57.58057
1408,-58.0,-51.9537
1409,-58.0,-53.3191
1410,-59.0,-54.186893
1411,-59.0,-50.994144
1412,-56.0,-53.639977
1413,-56.0,-52.88653
1414,-55.0,-48.77721
1415,-54.0,-49.849842
1416,-53.0,-49.1788
1417,-53.0,-47.397705
1418,-52.0,-48.152115
1419,-49.0,-47.191624
1420,-49.0,-46.329865
1421,-48.0,-44.785625
1422,-48.0,-43.91511
1423,-49.0,-43.87686
1424,-47.0,-42.77824
1425,-45.0,-44.889088
1426,-45.0,-43.79748
1427,-49.0,-39.325203
1428,-50.0,-41.665527
1429,-49.0,-44.662598
1430,-47.0,-44.00218
1431,-45.0,-42.192123
1432,-40.0,-40.589417
1433,-39.0,-40.848923
1434,-42.0,-36.52947
1435,-45.0,-37.288692
1436,-42.0,-38.336067
1437,-38.0,-40.430824
1438,-40.0,-36.071896
1439,-39.0,-37.84067
1440,-37.0,-33.87157
1441,-35.0,-33.514713
1442,-35.0,-32.803753
1443,-34.0,-32.939285
1444,-35.0,-32.28964
1445,-35.0,-32.04421
1446,-32.0,-32.79171
1447,-23.0,-32.493237
1448,-21.0,-30.344023
1449,-23.0,-23.96948
1450,-25.0,-23.82503
1451,-27.0,-21.53992
1452,-27.0,-23.883087
1453,-28.0,-23.172358
1454,-29.0,-26.02917
1455,-25.0,-25.214613
1456,-24.0,-25.363152
1457,-24.0,-23.010717
1458,-24.0,-20.479925
1459,-24.0,-21.782623
1460,-25.0,-19.4147
1461,-26.0,-21.514372
1462,-30.0,-26.09549
1463,-35.0,-32.07452
1464,-35.0,-33.62949
1465,-35.0,-36.809128
1466,-34.0,-36.095486
1467,-30.0,-32.80839
1468,-30.0,-27.279385
1469,-33.0,-25.723133
1470,-35.0,-26.487051
1471,-38.0,-28.075552
1472,-35.0,-34.618935
1473,-30.0,-28.12655
1474,-32.0,-30.622066
1475,-40.0,-27.07794
1476,-35.0,-35.119434
1477,-28.0,-39.065815
1478,-25.0,-28.99858
1479,-21.0,-27.619904
1480,-19.0,-23.014153
1481,-21.0,-21.039679
1482,-22.0,-17.460012
1483,-23.0,-17.875776
1484,-22.0,-18.89653
1485,-22.0,-19.471594
1486,-24.0,-18.572266
1487,-41.0,-45.347755
1488,-34.0,-44.43583
1489,-36.0,-39.994495
1490,-39.0,-38.081852
1491,-43.0,-37.47404
1492,-51.0,-41.102028
1493,-55.0,-42.717133
1494,-48.0,-45.032944
1495,-43.0,-45.644165
1496,-42.0,-42.544724
1497,-33.0,-41.597675
1498,-27.0,-40.07411
1499,-26.0,-32.390987
1500,-27.0,-28.135843
1501,-32.0,-29.024761
1502,-36.0,-29.793528
1503,-37.0,-32.94775
1504,-39.0,-31.760178
1505,-41.0,-33.625797
1506,-39.0,-36.63169
1507,-36.0,-35.89386
1508,-36.0,-33.15224
1509,-35.0,-32.624756
1510,-36.0,-32.774338
1511,-35.0,-31.483883
1512,-31.0,-32.01305
1513,-24.0,-31.742996
1514,-22.0,-27.978848
1515,-24.0,-23.362482
1516,-28.0,-22.549395
1517,-30.0,-24.640816
1518,-27.0,-25.572275
1519,-24.0,-25.80697
1520,-24.0,-25.226196
1521,-23.0,-22.088743
1522,-19.0,-21.215086
1523,-18.0,-20.284573
1524,-18.0,-17.232513
1525,-22.0,-17.252686
1526,-24.0,-19.032143
1527,-25.0,-20.218735
1528,-26.0,-21.034176
1529,-26.0,-20.493046
1530,-24.0,-22.212244
1531,-23.0,-21.12554
1532,-23.0,-21.800888
1533,-24.0,-18.898863
1534,-23.0,-19.646255
1535,-24.0,-20.830969
1536,-20.0,-19.969833
1537,-14.0,-21.766731
1538,-17.0,-18.098906
1539,-21.0,-14.264399
1540,-21.0,-16.543337
1541,-17.0,-17.917597
1542,-17.0,-17.50139
1543,-15.0,-14.62192
1544,-12.000000000000004,-14.184963
1545,-12.000000000000004,-11.344212
1546,-13.0,-9.161455
1547,-16.0,-8.574635
1548,-17.0,-11.017605
1549,-16.0,-13.577963
1550,-14.0,-13.933203
1551,-14.0,-13.154116
1552,-13.0,-10.783821
1553,-12.000000000000004,-11.712315
1554,-12.000000000000004,-10.770235
1555,-11.0,-8.931089
1556,-13.0,-9.5145
1557,-15.0,-9.436008
1558,-14.0,-8.975582
1559,-11.0,-10.309326
1560,-9.0,-10.446991
1561,-7.0000000000000036,-10.232876
1562,-3.0,-6.829187
1563,1.0,-4.229715
1564,-1.0,-2.134647
1565,0.0,2.126246
1566,5.0,-0.38082266
1567,2.0,0.954371
1568,-1.9999999999999964,3.4050431
1569,-13.0,-4.1807437
1570,-18.0,-11.61466
1571,-13.0,-12.627022
1572,-10.0,-15.246462
1573,4.0,-15.061096
1574,11.0,-8.401045
1575,17.0,-0.8597083
1576,14.0,8.692984
1577,3.0,9.6242695
1578,-8.0,1.504065
1579,-7.0000000000000036,4.474955
1580,-6.0,-8.016224
1581,-1.0,-11.084608
1582,0.0,-7.420959
1583,-8.0,-1.6304755
1584,-3.0,-5.013828
1585,0.0,-0.4203124
1586,-8.0,-4.6613135
1587,-14.0,-9.440128
1588,-21.0,-13.908339
1589,-48.0,-19.012793
1590,-70.0,-39.597107
1591,-77.0,-70.216896
1592,-82.0,-81.37391
1593,-82.0,-81.849205
1594,-98.0,-90.792534
1595,-78.0,-89.99206
1596,-75.0,-94.07936
1597,-75.0,-77.80422
1598,-72.0,-69.601425
1599,-69.0,-66.254616
1600,-78.0,-62.84062
1601,-81.0,-61.176014
1602,-77.0,-68.39644
1603,-68.0,-74.37209
1604,-69.0,-66.94126
1605,-74.0,-63.14837
1606,-73.0,-65.923225
1607,-61.0,-70.404465
1608,-51.0,-61.324745
1609,-47.0,-55.150547
1610,-48.0,-54.244736
1611,-55.0,-47.292767
1612,-52.0,-47.238155
1613,-48.0,-52.67617
1614,-44.0,-51.645283
1615,-43.0,-45.790947
1616,-40.0,-43.069233
1617,-39.0,-40.362865
1618,-47.0,-43.144802
1619,-39.0,-43.967915
1620,-43.0,-45.230713
1621,-45.0,-38.569195
1622,-41.0,-41.05246
1623,-46.0,-37.872616
1624,-51.0,-40.742207
1625,-52.0,-43.286007
1626,-55.0,-45.28845
1627,-51.0,-44.566643
1628,-49.0,-46.938286
1629,-52.0,-46.992645
1630,-54.0,-44.665005
1631,-55.0,-46.080345
1632,-53.0,-50.319267
1633,-49.0,-49.34454
1634,-47.0,-47.91171
1635,-47.0,-44.532806
1636,-46.0,-42.926926
1637,-44.0,-43.481438
1638,-43.0,-41.175224
1639,-43.0,-42.38864
1640,-41.0,-40.58017
1641,-41.0,-40.013775
1642,-34.0,-37.252537
1643,-33.0,-38.535885
1644,-30.0,-33.345547
1645,-31.0,-32.909874
1646,-33.0,-30.577776
1647,-34.0,-30.031897
1648,-39.0,-31.464125
1649,-39.0,-33.40733
1650,-37.0,-35.61794
1651,-35.0,-34.506264
1652,-33.0,-33.376682
1653,-34.0,-30.61678
1654,-36.0,-31.81907
1655,-34.0,-31.58029
1656,-32.0,-32.240074
1657,-27.0,-31.131893
1658,-26.0,-29.405886
1659,-30.0,-26.02514
1660,-32.0,-24.505428
1661,-35.0,-29.263641
1662,-37.0,-27.760231
1663,-34.0,-29.815237
1664,-29.0,-31.76163
1665,-25.0,-29.002934
1666,-24.0,-25.504175
1667,-24.0,-23.323177
1668,-23.0,-21.715506
1669,-21.0,-22.75584
1670,-21.0,-21.5679
1671,-23.0,-20.046211
1672,-25.0,-20.648453
1673,-24.0,-19.723047
1674,-20.0,-21.272629
1675,-17.0,-19.14
1676,-13.0,-16.135313
1677,-15.0,-13.889246
1678,-22.0,-14.274149
1679,-27.0,-17.201365
1680,-29.0,-21.10411
1681,-35.0,-22.485538
1682,-37.0,-33.714622
1683,-38.0,-34.628017
1684,-34.0,-30.42235
1685,-35.0,-34.098972
1686,-35.0,-30.111437
1687,-34.0,-30.722616
1688,-32.0,-29.374794
1689,-29.0,-31.021677
1690,-27.0,-29.054628
1691,-26.0,-25.18685
1692,-25.0,-25.22731
1693,-25.0,-24.93739
1694,-26.0,-22.973555
1695,-27.0,-22.522541
1696,-27.0,-23.236145
1697,-25.0,-23.733559
1698,-23.0,-23.83847
1699,-22.0,-22.19477
1700,-22.0,-21.100742
1701,-21.0,-20.29018
1702,-23.0,-20.203356
1703,-20.0,-19.400726
1704,-20.0,-21.062323
1705,-23.0,-19.761147
1706,-25.0,-17.596592
1707,-22.0,-19.067602
1708,-23.0,-21.247921
1709,-23.0,-19.069735
1710,-24.0,-18.1917
1711,-22.0,-18.277956
1712,-19.0,-21.340836
1713,-18.0,-20.1386
1714,-29.0,-31.347973
1715,-27.0,-27.73144
1716,-34.0,-26.73088
1717,-33.0,-28.969507
1718,-32.0,-28.797535
1719,-28.0,-35.24775
1720,-27.0,-32.18354
1721,-24.0,-29.130451
1722,-27.0,-24.732004
1723,-35.0,-24.757051
1724,-32.0,-31.881557
1725,-30.0,-31.44584
1726,-26.0,-30.506216
1727,-25.0,-28.523216
1728,-28.0,-24.060263
1729,-27.0,-24.282873
1730,-29.0,-24.894058
1731,-30.0,-25.544886
1732,-31.0,-29.08026
1733,-29.0,-27.160667
1734,-28.0,-27.339478
1735,-22.0,-25.777569
1736,-17.0,-24.794346
1737,-15.0,-20.245253
1738,-16.0,-19.427277
1739,-21.0,-18.159975
1740,-30.0,-18.368212
1741,-28.0,-21.287712
1742,-23.0,-27.325117
1743,-20.0,-25.94112
1744,-21.0,-22.647148
1745,-33.0,-20.727476
1746,-49.0,-33.05415
1747,-55.0,-34.81043
1748,-48.0,-46.430553
1749,-40.0,-48.9997
1750,-37.0,-35.907673
1751,-39.0,-35.7179
1752,-42.0,-35.036625
1753,-37.0,-34.813976
1754,-34.0,-39.5993
1755,-35.0,-34.743515
1756,-40.0,-30.545319
1757,-40.0,-31.08927
1758,-42.0,-39.969242
1759,-44.0,-34.84154
1760,-39.0,-40.33024
1761,-41.0,-36.381123
1762,-43.0,-37.26691
1763,-49.0,-39.277687
1764,-47.0,-40.59174
1765,-42.0,-39.49453
1766,-38.0,-41.600777
1767,-40.0,-37.461792
1768,-40.0,-37.06675
1769,-40.0,-34.85437
1770,-37.0,-36.360325
1771,-32.0,-35.964226
1772,-31.0,-33.137188
1773,-31.0,-30.239563
1774,-30.0,-28.500616
1775,-30.0,-28.46611
1776,-32.0,-27.708403
1777,-32.0,-27.240824
1778,-31.0,-29.876549
1779,-33.0,-27.479002
1780,-36.0,-28.610104
1781,-37.0,-28.873476
1782,-37.0,-30.545984
1783,-33.0,-32.410965
1784,-29.0,-33.58973
1785,-29.0,-29.450226
1786,-28.0,-26.236513
1787,-28.0,-26.636992
1788,-29.0,-26.848677
1789,-25.0,-27.652243
1790,-25.0,-26.815737
1791,-25.0,-26.481466
1792,-26.0,-23.059856
1793,-28.0,-24.396269
1794,-28.0,-28.023172
1795,-26.0,-27.248941
1796,-26.0,-25.651083
1797,-26.0,-20.913818
1798,-27.0,-24.018349
1799,-27.0,-26.845104
1800,-28.0,-26.089869
1801,-24.0,-21.001375
1802,-23.0,-23.438328
1803,-24.0,-24.411283
1804,-7.0000000000000036,-23.263716
1805,-10.0,-23.439672
1806,-30.0,-22.573454
1807,-32.0,-24.377882
1808,-45.0,-41.254864
1809,-32.0,-49.67896
1810,-22.0,-47.34172
1811,-15.0,-43.899975
1812,-27.0,-31.175234
1813,-69.0,-29.52726
1814,-146.0,-43.43631
1815,-157.0,-124.729805
1816,-149.0,-167.76535
1817,-156.0,-168.64479
1818,-158.0,-165.86029
1819,-159.0,-166.90898
1820,-158.0,-158.90248
1821,-162.0,-147.43877
1822,-150.0,-152.35493
1823,-123.0,-155.01497
1824,-116.0,-146.4111
1825,-108.0,-116.97652
1826,-81.0,-112.56923
1827,-90.0,-110.61232
1828,-98.0,-89.284775
1829,-98.0,-91.67146
1830,-94.0,-93.087364
1831,-95.0,-91.24444
1832,-87.0,-90.33035
1833,-84.0,-87.4635
1834,-81.0,-79.65064
1835,-73.0,-75.98117
1836,-72.0,-73.11184
1837,-79.0,-70.03235
1838,-72.0,-72.618416
1839,-70.0,-73.29687
1840,-70.0,-68.80089
1841,-67.0,-65.93747
1842,-59.0,-65.95841
1843,-57.0,-62.321686
1844,-57.0,-54.4845
1845,-58.0,-53.978863
1846,-61.0,-52.770393
1847,-60.0,-52.875584
1848,-58.0,-54.069805
1849,-56.0,-52.993282
1850,-53.0,-51.75896
1851,-56.0,-50.514797
1852,-57.0,-48.1387
1853,-55.0,-49.702713
1854,-56.0,-50.420086
1855,-56.0,-49.49968
1856,-37.0,-49.631447
1857,-44.0,-50.959045
1858,-53.0,-37.786774
1859,-50.0,-43.928303
1860,-41.0,-50.14996
1861,-34.0,-51.08214
1862,-39.0,-38.64148
1863,-36.0,-34.724922
1864,-36.0,-38.774403
1865,-36.0,-34.862675
1866,-39.0,-37.11449
1867,-42.0,-37.02534
1868,-43.0,-37.028805
1869,-47.0,-38.73941
1870,-48.0,-39.54045
1871,-44.0,-42.11726
1872,-42.0,-42.421574
1873,-41.0,-39.2281
1874,-43.0,-37.94087
1875,-44.0,-37.250324
1876,-45.0,-38.881603
1877,-46.0,-39.82345
1878,-43.0,-40.90543
1879,-42.0,-40.76563
1880,-36.0,-39.01664
1881,-37.0,-38.42764
1882,-39.0,-33.863564
1883,-36.0,-33.51986
1884,-35.0,-34.669304
1885,-35.0,-31.828018
1886,-35.0,-30.940243
1887,-34.0,-32.013382
1888,-35.0,-32.18882
1889,-37.0,-31.285892
1890,-38.0,-31.30785
1891,-42.0,-34.422874
1892,-41.0,-37.639595
1893,-41.0,-40.37493
1894,-42.0,-36.98246
1895,-41.0,-36.782986
1896,-34.0,-37.741188
1897,-34.0,-36.5016
1898,-32.0,-29.55951
1899,-25.0,-29.837471
1900,-27.0,-24.600756
1901,-29.0,-29.353035
1902,-25.0,-22.710531
1903,-17.0,-20.667192
1904,-23.0,-24.600466
1905,-19.0,-21.97307
1906,-12.000000000000004,-18.085815
1907,-13.0,-17.381824
1908,-29.0,-18.056458
1909,-34.0,-26.858034
1910,-38.0,-30.676647
1911,-34.0,-37.562904
1912,-30.0,-38.81944
1913,-30.0,-33.241146
1914,-36.0,-28.028587
1915,-36.0,-31.745335
1916,-35.0,-37.42167
1917,-36.0,-30.674978
1918,-39.0,-32.20685
1919,-38.0,-37.18841
1920,-44.0,-38.79211
1921,-42.0,-36.262257
1922,-41.0,-43.04078
1923,-41.0,-41.380993
1924,-40.0,-38.673782
1925,-42.0,-39.434612
1926,-45.0,-37.798557
1927,-42.0,-40.761456
1928,-37.0,-40.502007
1929,-36.0,-36.33662
1930,-35.0,-37.140205
1931,-33.0,-35.090427
1932,-30.0,-32.891045
1933,-31.0,-32.464634
1934,-34.0,-29.549112
1935,-36.0,-34.28435
1936,-35.0,-37.75815
1937,-34.0,-33.058453
1938,-36.0,-35.24277
1939,-36.0,-34.424946
1940,-38.0,-35.63251
1941,2.0,1.0340791
1942,6.0,0.4418664
1943,9.0,1.2162995
1944,9.0,4.7656236
1945,11.0,7.296847
1946,11.0,7.8033204
1947,10.0,9.4377
1948,9.0,9.561323
1949,7.0,9.48929
1950,6.0,9.386766
1951,8.0,8.0870075
1952,9.0,6.6850343
1953,9.0,7.777636
1954,8.0,6.6860337
1955,7.0,6.949782
1956,8.0,8.868666
1957,9.0,6.839873
1958,11.0,10.1802845
1959,11.0,11.300142
1960,7.0,13.106428
1961,6.0,13.320551
1962,7.0,9.778769
1963,6.0,10.623941
1964,6.0,10.463747
1965,9.0,9.179014
1966,10.0,4.8814187
1967,14.0,4.826632
1968,15.0,6.356711
1969,19.0,9.760401
1970,18.0,10.718622
1971,17.0,15.831484
1972,10.0,8.84255
1973,7.0,10.071672
1974,4.0,8.827066
1975,6.0,6.7047486
1976,5.0,6.9207635
1977,6.0,9.909857
1978,5.0,7.317343
1979,1.0,6.79637
1980,1.0,5.915282
1981,1.0,6.5393777
1982,3.0,4.364119
1983,2.0,3.9556718
1984,1.0,4.6097283
1985,12.000000000000007,3.983729
1986,7.0,0.8915734
1987,-6.0,-2.1227012
1988,-5.0,-11.204899
1989,2.0,-3.7614665
1990,3.0,-5.5583777
1991,3.0,-2.906591
1992,1.0,1.2691636
1993,3.0,2.324595
1994,3.0,1.1383691
1995,3.0,2.6662698
1996,3.0,2.1356645
1997,1.0,1.7612596
1998,0.0,2.6999002
1999,1.0,1.1105294
2000,-1.0,0.1791215
2001,-1.9999999999999964,0.5263505
2002,-1.9999999999999964,-1.219892
2003,-3.0,-2.0689883
2004,-4.0,-1.8339076
2005,-9.0,-3.8126216
2006,-11.0,-6.4263167
2007,-19.0,-11.531485
2008,-19.0,-15.0875225
2009,-22.0,-16.200735
2010,-24.0,-18.366644
2011,-22.0,-20.001476
2012,-23.0,-17.930426
2013,-25.0,-16.803267
2014,-23.0,-21.998941
2015,-16.0,-20.944
2016,-9.0,-17.883354
2017,-10.0,-11.803936
2018,-10.0,-9.581312
2019,-10.0,-10.350702
2020,-11.0,-10.502502
2021,-11.0,-10.878946
2022,-9.0,-10.805731
2023,-6.0,-9.268366
2024,-6.0,-7.5114074
2025,-7.0000000000000036,-7.0259013
2026,-10.0,-5.839887
2027,-9.0,-8.012449
2028,-11.0,-6.9331927
2029,-13.0,-7.096704
2030,-11.0,-9.9303055
2031,-8.0,-9.2103615
2032,-8.0,-7.3635306
2033,-7.0000000000000036,-5.3529296
2034,15.0,-5.534698
2035,-5.0,-7.4371486
2036,-23.0,0.5601182
2037,-66.0,-15.398916
2038,-89.0,-58.295853
2039,-82.0,-116.74619
2040,-86.0,-75.87826
2041,-85.0,-95.673416
2042,-89.0,-75.40804
2043,-89.0,-86.18691
2044,-84.0,-74.20935
2045,-99.0,-85.26021
2046,-98.0,-83.74892
2047,-115.0,-103.8738
2048,-132.0,-105.12903
2049,-131.0,-109.20864
2050,-116.0,-118.01459
2051,-105.0,-113.471985
2052,-96.0,-100.5758
2053,-84.0,-89.832565
2054,-77.0,-84.34616
2055,-68.0,-80.48004
2056,-64.0,-74.82382
2057,-64.0,-64.75536
2058,-60.0,-58.779293
2059,-56.0,-56.27632
2060,-55.0,-53.350384
2061,-50.0,-49.684467
2062,-43.0,-47.74604
2063,-42.0,-44.07932
2064,-43.0,-39.119118
2065,-41.0,-35.999447
2066,-45.0,-35.74618
2067,-47.0,-32.449474
2068,-50.0,-36.100285
2069,-50.0,-38.146214
2070,-48.0,-40.460495
2071,-47.0,-42.198868
2072,-48.0,-40.099796
2073,-46.0,-38.750195
2074,-47.0,-37.798153
2075,-46.0,-36.571533
2076,-44.0,-38.311695
2077,-45.0,-39.052685
2078,-43.0,-39.30582
2079,-37.0,-38.34731
2080,-37.0,-35.2944
2081,-37.0,-31.368414
2082,-35.0,-37.73826
2083,-37.0,-27.731754
2084,-40.0,-29.36376
2085,-41.0,-30.836363
2086,-40.0,-33.933025
2087,-37.0,-32.811863
2088,-35.0,-31.924637
2089,-33.0,-29.472408
2090,-31.0,-27.584274
2091,-32.0,-25.835798
2092,-31.0,-24.312998
2093,-29.0,-25.117374
2094,-30.0,-25.52555
2095,-29.0,-23.95928
2096,-36.0,-25.058065
2097,-36.0,-30.055489
2098,-33.0,-31.76705
2099,-32.0,-32.151646
2100,-31.0,-33.631794
2101,-32.0,-30.918682
2102,-30.0,-29.752026
2103,-28.0,-28.36507
2104,-31.0,-29.866512
2105,-34.0,-28.551096
2106,-31.0,-31.7122
2107,-29.0,-30.817966
2108,-29.0,-26.192831
2109,-32.0,-25.587662
2110,-31.0,-26.644772
2111,-28.0,-28.012558
2112,-21.0,-24.127499
2113,-24.0,-23.834316
2114,-30.0,-20.088976
2115,-33.0,-24.658058
2116,-38.0,-28.627375
2117,-39.0,-30.302359
2118,-34.0,-37.71348
2119,-26.0,-32.34989
2120,-23.0,-27.33448
2121,-32.0,-23.440023
2122,-35.0,-27.629335
2123,-42.0,-32.008022
2124,-48.0,-37.96214
2125,-52.0,-48.930264
2126,-50.0,-44.4527
2127,-52.0,-48.676632
2128,-54.0,-47.73607
2129,-52.0,-52.726204
2130,-50.0,-47.46075
2131,-53.0,-43.124195
2132,-53.0,-46.24712
2133,-49.0,-46.281967
2134,-41.0,-46.323067
2135,-36.0,-42.986454
2136,-36.0,-35.12037
2137,-35.0,-31.915497
2138,-34.0,-32.714848
2139,-33.0,-30.392797
2140,-34.0,-29.84193
2141,-36.0,-28.51186
2142,-36.0,-30.551247
2143,-33.0,-31.203674
2144,-33.0,-31.137432
2145,-28.0,-30.80618
2146,-23.0,-26.179647
2147,-23.0,-24.763666
2148,-22.0,-20.91861
2149,-21.0,-19.952587
2150,-20.0,-18.888111
2151,-18.0,-20.249535
2152,-17.0,-20.19797
2153,-19.0,-16.796406
2154,-26.0,-15.688795
2155,-29.0,-19.094862
2156,-28.0,-22.863045
2157,-25.0,-24.438808
2158,-18.0,-25.32196
2159,-11.0,-19.175844
2160,-15.0,-15.353075
2161,-17.0,-10.509136
2162,-12.000000000000004,-12.830006
2163,-12.000000000000004,-13.290363
2164,-14.0,-9.778217
2165,-20.0,-10.674473
2166,-27.0,-10.9475975
2167,-32.0,-15.709822
2168,2.0,2.3409944
2169,2.0,0.7660699
2170,1.0,2.7613893
2171,-3.0,3.0443978
2172,-7.0000000000000036,2.6322694
2173,-9.0,-0.9372611
2174,-5.0,-6.288627
2175,0.0,-7.8190036
2176,2.0,-3.4498076
2177,3.0,-1.5256476
2178,3.0,-0.5111098
2179,1.0,1.543448
2180,-5.0,2.5987306
2181,-6.0,0.34629297
2182,-1.0,-1.8021827
2183,8.0,-2.8612056
2184,24.0,0.22151423
2185,24.0,7.0855317
2186,29.0,14.354322
2187,31.0,10.569181
2188,34.0,20.206926
2189,38.0,22.419931
2190,39.0,23.200987
2191,42.0,25.137197
2192,44.0,24.549318
2193,38.0,23.926428
2194,27.0,18.692652
2195,6.0,26.14435
2196,-13.0,5.871611
2197,-5.0,-37.06347
2198,-1.0,-37.75747
2199,-9.0,-17.112804
2200,-13.0,-9.308041
2201,-9.0,-20.653206
2202,-8.0,-9.591028
2203,-10.0,-10.191637
2204,-15.0,-10.838123
2205,-23.0,-9.7828045
2206,-24.0,-19.179583
2207,-18.0,-22.495798
2208,-12.000000000000004,-23.545027
2209,-14.0,-14.387657
2210,-12.000000000000004,-11.860628
2211,-23.0,-23.257969
2212,-25.0,-25.906778
2213,-24.0,-43.004482
2214,-27.0,-31.854288
2215,-30.0,-21.309484
2216,-31.0,-30.024315
2217,-28.0,-30.620089
2218,-22.0,-29.546488
2219,-21.0,-28.574844
2220,-23.0,-19.988783
2221,-25.0,-19.900398
2222,-22.0,-20.361834
2223,-17.0,-21.428806
2224,-19.0,-18.264093
2225,-21.0,-15.105223
2226,-23.0,-17.05909
2227,-23.0,-17.942278
2228,-25.0,-21.010355
2229,-27.0,-18.60147
2230,-25.0,-21.48425
2231,-22.0,-21.20614
2232,-17.0,-19.73047
2233,-18.0,-17.570034
2234,-21.0,-14.108343
2235,-22.0,-15.593121
2236,-17.0,-18.235413
2237,-13.0,-18.685556
2238,-14.0,-14.952038
2239,-14.0,-13.546597
2240,-11.0,-13.59903
2241,-15.0,-14.612068
2242,-17.0,-13.05267
2243,-14.0,-16.163113
2244,-13.0,-15.734669
2245,-11.0,-12.440718
2246,-9.0,-12.011005
2247,-10.0,-9.957523
2248,-11.0,-8.524004
2249,-8.0,-7.9103713
2250,-4.0,-8.445379
2251,-8.0,-6.9312778
2252,-10.0,-4.8861575
2253,-11.0,-6.5838046
2254,-8.0,-8.595108
2255,-1.9999999999999964,-9.165716
2256,0.0,-5.3220725
2257,-1.0,-3.071834
2258,-3.0,-1.4805999
2259,-10.0,-4.8436446
2260,-19.0,-8.174248
2261,-16.0,-11.99585
2262,-20.0,-16.124615
2263,-27.0,-23.24227
2264,-35.0,-23.586578
2265,-43.0,-33.38453
2266,-52.0,-39.413246
2267,-61.0,-48.183308
2268,-62.0,-54.32493
2269,-67.0,-59.820538
2270,-58.0,-57.38971
2271,-55.0,-60.2941
2272,-74.0,-54.463078
2273,-97.0,-69.72579
2274,-107.0,-94.50622
2275,-119.0,-107.49483
2276,-98.0,-109.353165
2277,-87.0,-111.608894
2278,-76.0,-91.54504
2279,-71.0,-79.83531
2280,-58.0,-75.24105
2281,-60.0,-67.86863
2282,-59.0,-55.379303
2283,-53.0,-44.365547
2284,-51.0,-55.956505
2285,-49.0,-46.594635
2286,-45.0,-46.814995
2287,-44.0,-46.827724
2288,-44.0,-42.054688
2289,-42.0,-41.693443
2290,-47.0,-42.495567
2291,-49.0,-41.327095
2292,-52.0,-45.38562
2293,-53.0,-50.78279
2294,-37.0,-52.591267
2295,-50.0,-52.766342
2296,-74.0,-44.55639
2297,-80.0,-70.78541
2298,-65.0,-94.541336
2299,-64.0,-78.48691
2300,-62.0,-70.91928
2301,-78.0,-62.605835
2302,-93.0,-64.191925
2303,-95.0,-79.89713
2304,-85.0,-86.863914
2305,-67.0,-81.14754
2306,-64.0,-74.86376
2307,-65.0,-68.41139
2308,-57.0,-62.033695
2309,-47.0,-60.06328
2310,-47.0,-53.593563
2311,-45.0,-50.11331
2312,-49.0,-45.13965
2313,-50.0,-45.84966
2314,-50.0,-46.452038
2315,-52.0,-47.779488
2316,-56.0,-48.07096
2317,-56.0,-48.432877
2318,-48.0,-51.05357
2319,-46.0,-49.409275
2320,-46.0,-46.52781
2321,-49.0,-45.053967
2322,-49.0,-44.401752
2323,-52.0,-47.101772
2324,-53.0,-47.511852
2325,-53.0,-49.852127
2326,-51.0,-50.955276
2327,-46.0,-49.396877
2328,-45.0,-45.993343
2329,-47.0,-42.68865
2330,-49.0,-42.02174
2331,-43.0,-43.503654
2332,-40.0,-44.388645
2333,-40.0,-39.24685
2334,-40.0,-37.20744
2335,-40.0,-38.651062
2336,-38.0,-39.275005
2337,-43.0,-37.41881
2338,-56.0,-38.55219
2339,-61.0,-46.13245
2340,-64.0,-52.916336
2341,-54.0,-54.789627
2342,-54.0,-56.455254
2343,-50.0,-49.072815
2344,-50.0,-49.507065
2345,-51.0,-44.74733
2346,-44.0,-46.55077
2347,-41.0,-48.223633
2348,-41.0,-39.487114
2349,-36.0,-36.350307
2350,-36.0,-39.52516
2351,-32.0,-34.072105
2352,-30.0,-33.872128
2353,-29.0,-31.57405
2354,-29.0,-25.928907
2355,-26.0,-28.307684
2356,-27.0,-28.306122
2357,-26.0,-25.001478
2358,-24.0,-28.745687
2359,-21.0,-24.429304
2360,-21.0,-24.075825
2361,-26.0,-19.328062
2362,-27.0,-23.32316
2363,-26.0,-22.328478
2364,-28.0,-24.636992
2365,-27.0,-22.99807
2366,-24.0,-22.252851
2367,-17.0,-24.126873
2368,-8.0,-18.661478
2369,-4.0,-14.359701
2370,8.0,-9.204624
2371,2.0,-6.006328
2372,2.0,-2.1006255
2373,-1.9999999999999964,-2.0087333
2374,-14.0,-3.9880176
2375,-20.0,-17.848642
2376,-18.0,-21.201498
2377,-10.0,-18.919474
2378,-24.0,-14.369888
2379,-38.0,-14.494974
2380,-42.0,-38.6549
2381,-48.0,-48.73284
2382,-55.0,-56.136673
2383,-51.0,-55.56684
2384,-44.0,-54.064644
2385,-50.0,-49.87174
2386,-54.0,-40.29957
2387,-52.0,-45.398922
2388,-49.0,-49.791214
2389,-47.0,-47.749237
2390,-46.0,-44.10094
2391,-41.0,-40.55777
2392,-38.0,-40.974503
2393,-37.0,-36.790543
2394,-36.0,-35.274765
